{
  "distilbert": {
    "test_accuracy": 0.840683962264151,
    "test_f1": 0.8390409343001186,
    "training_time": 7392.177646160126
  }
}