{
  "bert": {
    "test_accuracy": 0.902623820754717,
    "test_f1": 0.9016640214170986,
    "training_time": 33867.39430832863
  }
}